track_id,provenance,second_start,second_end,rms_mean_dbfs,rms_peak_dbfs,spectral_centroid_hz,low_20_180_ratio,low_mid_180_2000_ratio,high_2000_10000_ratio,relative_dynamics_band
001,official main,0,1,-22.95,-9.78,631.6,0.9747,0.0249,0.0001,pp
001,official main,1,2,-22.35,-8.53,2333.9,0.9899,0.0084,0.0015,pp
001,official main,2,3,-20.11,-10.53,1094.0,0.8606,0.1379,0.0014,p
001,official main,3,4,-21.65,-7.69,1184.6,0.7037,0.2939,0.0021,p
001,official main,4,5,-23.17,-10.12,1141.4,0.8474,0.1519,0.0004,pp
001,official main,5,6,-23.35,-8.65,1412.9,0.7758,0.2214,0.002,pp
001,official main,6,7,-25.96,-13.84,1465.8,0.729,0.2667,0.0029,pp
001,official main,7,8,-20.79,-11.23,1043.9,0.9592,0.0398,0.0009,p
001,official main,8,9,-22.01,-9.41,1178.6,0.9274,0.0722,0.0003,p
001,official main,9,10,-21.91,-9.58,1250.3,0.7279,0.2699,0.0014,p
001,official main,10,11,-24.32,-9.34,1223.7,0.5318,0.4625,0.0034,pp
001,official main,11,12,-21.2,-7.17,1085.1,0.6744,0.3248,0.0006,p
001,official main,12,13,-19.67,-10.12,924.4,0.8407,0.1589,0.0002,p
001,official main,13,14,-20.93,-8.99,978.6,0.8065,0.1923,0.0007,p
001,official main,14,15,-24.97,-14.29,1424.0,0.8066,0.1901,0.0026,pp
001,official main,15,16,-20.37,-6.8,922.4,0.5329,0.4663,0.0005,p
001,official main,16,17,-21.09,-8.23,1029.5,0.9006,0.099,0.0002,p
001,official main,17,18,-18.99,-6.74,1379.1,0.5618,0.4369,0.001,p
001,official main,18,19,-18.98,-10.42,976.5,0.9037,0.095,0.0009,p
001,official main,19,20,-21.94,-9.54,1186.1,0.8001,0.1976,0.0019,p
001,official main,20,21,-21.0,-9.15,1604.1,0.9636,0.0317,0.0046,p
001,official main,21,22,-21.72,-7.89,1634.5,0.8898,0.1082,0.0016,p
001,official main,22,23,-18.44,-4.46,1045.8,0.1235,0.8754,0.0009,p
001,official main,23,24,-18.02,-6.25,1021.5,0.6414,0.3577,0.0008,mp
001,official main,24,25,-21.55,-9.01,936.1,0.9026,0.0966,0.0003,p
001,official main,25,26,-22.21,-9.04,1391.7,0.286,0.7123,0.0014,pp
001,official main,26,27,-20.61,-8.56,1156.9,0.9029,0.0957,0.0014,p
001,official main,27,28,-20.49,-8.17,1029.5,0.837,0.1627,0.0003,p
001,official main,28,29,-20.5,-7.42,1515.2,0.9029,0.0955,0.0007,p
001,official main,29,30,-20.03,-11.81,943.2,0.8568,0.1414,0.0008,p
001,official main,30,31,-19.55,-5.56,900.1,0.777,0.2222,0.0007,p
001,official main,31,32,-18.93,-7.34,845.8,0.7259,0.2737,0.0003,p
001,official main,32,33,-20.84,-6.25,1237.6,0.2992,0.6987,0.0014,p
001,official main,33,34,-22.84,-9.82,1394.1,0.85,0.1473,0.0015,pp
001,official main,34,35,-17.16,-5.01,1360.2,0.7716,0.2279,0.0003,mp
001,official main,35,36,-17.79,-6.29,953.3,0.6388,0.3604,0.0005,mp
001,official main,36,37,-22.88,-12.17,1246.2,0.6114,0.3865,0.0019,pp
001,official main,37,38,-19.59,-8.07,1001.1,0.762,0.2367,0.001,p
001,official main,38,39,-18.16,-3.11,937.0,0.5069,0.4919,0.001,mp
001,official main,39,40,-17.37,-5.91,929.0,0.2383,0.7605,0.0009,mp
001,official main,40,41,-17.08,-6.66,745.2,0.6313,0.3677,0.0007,mp
001,official main,41,42,-18.67,-6.36,920.9,0.6996,0.2996,0.0007,p
001,official main,42,43,-19.1,-8.25,806.7,0.6996,0.3001,0.0002,p
001,official main,43,44,-23.84,-8.78,1452.0,0.5392,0.4453,0.0153,pp
001,official main,44,45,-16.88,-5.61,841.2,0.546,0.453,0.0009,mp
001,official main,45,46,-15.09,-4.04,905.6,0.3824,0.6164,0.0011,mf
001,official main,46,47,-17.25,-4.96,1009.2,0.5265,0.4718,0.0014,mp
001,official main,47,48,-17.06,-3.82,1254.9,0.224,0.7736,0.0024,mp
001,official main,48,49,-17.5,-6.56,1037.4,0.6331,0.3661,0.0007,mp
001,official main,49,50,-17.4,-4.45,1034.0,0.5521,0.4472,0.0006,mp
001,official main,50,51,-19.54,-6.42,1347.3,0.5499,0.4481,0.001,p
001,official main,51,52,-16.96,-9.16,901.1,0.8642,0.1345,0.0006,mp
001,official main,52,53,-16.87,-5.89,875.9,0.622,0.3773,0.0005,mp
001,official main,53,54,-18.32,-4.54,1027.8,0.7852,0.2141,0.0005,mp
001,official main,54,55,-18.09,-4.24,1097.6,0.2224,0.7729,0.0026,mp
001,official main,55,56,-18.51,-4.37,1046.6,0.7728,0.2247,0.001,p
001,official main,56,57,-15.9,-3.77,1209.0,0.71,0.2895,0.0004,mf
001,official main,57,58,-16.28,-3.88,1157.8,0.4676,0.5306,0.0015,mp
001,official main,58,59,-19.38,-4.9,1513.6,0.3399,0.6579,0.0019,p
001,official main,59,60,-17.42,-6.85,1064.4,0.7035,0.2955,0.001,mp
001,official main,60,61,-18.69,-5.19,1048.5,0.8251,0.1744,0.0002,p
001,official main,61,62,-16.7,-4.17,1314.3,0.1808,0.816,0.0024,mp
001,official main,62,63,-14.88,-5.38,681.7,0.7555,0.2438,0.0003,mf
001,official main,63,64,-18.05,-5.98,786.7,0.6936,0.306,0.0002,mp
001,official main,64,65,-16.21,-4.53,968.8,0.5018,0.4964,0.0016,mp
001,official main,65,66,-17.58,-3.82,1364.2,0.3199,0.6756,0.0042,mp
001,official main,66,67,-15.47,-2.54,1087.0,0.7789,0.2198,0.0008,mf
001,official main,67,68,-14.36,-3.45,640.7,0.6373,0.3621,0.0002,f
001,official main,68,69,-13.6,-4.13,688.6,0.7205,0.2786,0.0005,f
001,official main,69,70,-15.31,-4.02,778.1,0.6901,0.3088,0.0008,mf
001,official main,70,71,-15.78,-2.97,694.7,0.5858,0.4137,0.0003,mf
001,official main,71,72,-14.45,-3.52,739.4,0.7627,0.2368,0.0003,mf
001,official main,72,73,-14.77,-4.44,844.0,0.5865,0.4126,0.0006,mf
001,official main,73,74,-13.93,-5.15,725.7,0.8934,0.1058,0.0003,f
001,official main,74,75,-14.75,-3.81,574.6,0.9533,0.0461,0.0001,mf
001,official main,75,76,-14.5,-2.92,1037.0,0.3823,0.6151,0.0022,mf
001,official main,76,77,-15.19,-4.11,902.7,0.7527,0.2463,0.0006,mf
001,official main,77,78,-15.59,-4.1,957.0,0.6314,0.3672,0.0012,mf
001,official main,78,79,-15.1,-4.47,949.9,0.893,0.1061,0.0006,mf
001,official main,79,80,-13.39,-3.65,812.6,0.8023,0.1968,0.0006,f
001,official main,80,81,-15.33,-3.33,888.3,0.5699,0.429,0.0007,mf
001,official main,81,82,-16.04,-3.75,828.6,0.711,0.2881,0.0006,mf
001,official main,82,83,-14.81,-3.95,1047.9,0.617,0.382,0.0008,mf
001,official main,83,84,-13.97,-4.08,852.9,0.767,0.2316,0.0012,f
001,official main,84,85,-14.42,-4.18,951.4,0.9089,0.0897,0.0011,f
001,official main,85,86,-14.0,-4.31,628.5,0.82,0.1794,0.0003,f
001,official main,86,87,-15.15,-4.91,781.8,0.566,0.4332,0.0006,mf
001,official main,87,88,-13.4,-3.29,860.4,0.6026,0.3959,0.0012,f
001,official main,88,89,-15.16,-3.89,888.6,0.7659,0.2332,0.0005,mf
001,official main,89,90,-14.14,-3.29,872.3,0.8291,0.1704,0.0004,f
001,official main,90,91,-13.08,-3.96,655.8,0.8896,0.11,0.0003,f
001,official main,91,92,-14.99,-4.15,807.5,0.6753,0.3235,0.0006,mf
001,official main,92,93,-14.58,-3.82,712.1,0.8812,0.1182,0.0001,mf
001,official main,93,94,-14.73,-3.58,818.1,0.6973,0.3017,0.0006,mf
001,official main,94,95,-14.19,-4.24,746.0,0.7315,0.2676,0.0006,f
001,official main,95,96,-13.73,-3.19,686.4,0.8553,0.1445,0.0001,f
001,official main,96,97,-13.3,-3.89,666.5,0.854,0.1455,0.0003,f
001,official main,97,98,-14.47,-3.75,797.5,0.6003,0.3989,0.0005,mf
001,official main,98,99,-14.07,-3.51,903.5,0.7618,0.2374,0.0006,f
001,official main,99,100,-15.31,-3.2,880.6,0.8626,0.1367,0.0003,mf
001,official main,100,101,-13.68,-3.54,1115.7,0.6819,0.3127,0.005,f
001,official main,101,102,-12.69,-2.79,793.9,0.8451,0.154,0.0005,f
001,official main,102,103,-14.59,-3.87,868.8,0.663,0.3362,0.0006,mf
001,official main,103,104,-14.18,-3.26,724.9,0.7498,0.2494,0.0003,f
001,official main,104,105,-14.31,-3.58,747.2,0.6494,0.3497,0.0005,f
001,official main,105,106,-14.4,-4.19,739.8,0.6598,0.3395,0.0005,f
001,official main,106,107,-13.57,-3.33,620.7,0.7257,0.2739,0.0002,f
001,official main,107,108,-13.22,-3.69,730.5,0.7873,0.212,0.0005,f
001,official main,108,109,-15.05,-4.01,753.7,0.6688,0.3305,0.0004,mf
001,official main,109,110,-13.76,-3.78,832.9,0.6088,0.3896,0.0014,f
001,official main,110,111,-14.2,-4.91,688.2,0.701,0.2986,0.0003,f
001,official main,111,112,-14.56,-3.75,890.1,0.6238,0.375,0.0011,mf
001,official main,112,113,-13.45,-3.65,743.3,0.875,0.1243,0.0005,f
001,official main,113,114,-14.87,-3.98,727.2,0.8392,0.1604,0.0002,mf
001,official main,114,115,-14.44,-3.3,946.4,0.7182,0.2805,0.0006,f
001,official main,115,116,-13.84,-2.91,791.2,0.7842,0.2136,0.0015,f
001,official main,116,117,-14.62,-3.77,1048.0,0.6948,0.304,0.0009,mf
001,official main,117,118,-13.66,-3.71,709.1,0.8337,0.1656,0.0002,f
001,official main,118,119,-13.3,-4.32,806.4,0.8163,0.1828,0.0004,f
001,official main,119,120,-14.99,-4.63,791.0,0.7387,0.2604,0.0007,mf
001,official main,120,121,-14.95,-4.28,817.0,0.5779,0.4212,0.0005,mf
001,official main,121,122,-14.24,-4.81,649.7,0.7816,0.2178,0.0002,f
001,official main,122,123,-16.28,-4.72,894.8,0.6859,0.3133,0.0006,mp
001,official main,123,124,-13.51,-4.89,662.5,0.8307,0.1689,0.0002,f
001,official main,124,125,-15.22,-4.98,692.9,0.797,0.2026,0.0002,mf
001,official main,125,126,-15.03,-4.8,853.8,0.8412,0.1578,0.0004,mf
001,official main,126,127,-14.9,-4.56,779.7,0.8407,0.1581,0.0005,mf
001,official main,127,128,-15.4,-3.34,864.6,0.6776,0.3214,0.0006,mf
001,official main,128,129,-13.88,-4.16,677.8,0.8672,0.1323,0.0002,f
001,official main,129,130,-13.9,-4.6,744.1,0.774,0.2252,0.0005,f
001,official main,130,131,-15.39,-4.29,791.6,0.6227,0.3764,0.0006,mf
001,official main,131,132,-15.13,-4.33,899.4,0.6377,0.3615,0.0007,mf
001,official main,132,133,-14.54,-4.87,684.7,0.918,0.0817,0.0002,mf
001,official main,133,134,-21.77,-12.91,1525.2,0.7369,0.2609,0.0019,p
001,official main,134,135,-14.23,-6.28,801.9,0.9267,0.0729,0.0003,f
001,official main,135,136,-16.66,-5.94,751.4,0.8034,0.1964,0.0002,mp
001,official main,136,137,-18.55,-5.9,1219.8,0.649,0.3495,0.0011,p
001,official main,137,138,-17.57,-7.0,992.2,0.6009,0.3983,0.0007,mp
001,official main,138,139,-16.72,-4.77,1199.6,0.8608,0.1386,0.0005,mp
001,official main,139,140,-16.48,-5.02,1108.9,0.8197,0.1791,0.0008,mp
001,official main,140,141,-17.27,-6.07,1010.5,0.802,0.1965,0.0006,mp
001,official main,141,142,-18.51,-8.29,1033.3,0.7006,0.2975,0.0012,p
001,official main,142,143,-17.01,-4.79,915.4,0.8023,0.1974,0.0002,mp
001,official main,143,144,-18.13,-5.18,1169.8,0.8153,0.1834,0.0009,mp
001,official main,144,145,-19.32,-7.05,1411.4,0.3952,0.6022,0.0022,p
001,official main,145,146,-14.55,-4.59,927.3,0.8262,0.1729,0.0007,mf
001,official main,146,147,-17.55,-4.75,878.7,0.7128,0.2866,0.0002,mp
001,official main,147,148,-19.13,-6.18,1473.9,0.5423,0.454,0.002,p
001,official main,148,149,-19.5,-8.03,1483.8,0.9631,0.0316,0.0037,p
001,official main,149,150,-17.66,-5.09,1134.7,0.8914,0.1077,0.0005,mp
001,official main,150,151,-17.36,-6.3,1112.6,0.7588,0.2407,0.0003,mp
001,official main,151,152,-17.92,-7.71,975.2,0.8607,0.1384,0.0007,mp
001,official main,152,153,-18.08,-6.05,1064.8,0.7739,0.2254,0.0006,mp
001,official main,153,154,-18.06,-6.15,1246.8,0.8372,0.1603,0.0023,mp
001,official main,154,155,-18.23,-5.68,1218.1,0.7754,0.2232,0.0006,mp
001,official main,155,156,-18.19,-7.6,1126.1,0.5153,0.4833,0.0009,mp
001,official main,156,157,-14.45,-4.47,951.2,0.8874,0.112,0.0005,mf
001,official main,157,158,-17.91,-5.87,878.8,0.904,0.0956,0.0002,mp
001,official main,158,159,-22.12,-12.12,1457.3,0.3227,0.674,0.0032,p
001,official main,159,160,-18.23,-7.19,983.0,0.8717,0.1275,0.0007,mp
001,official main,160,161,-18.04,-5.69,939.5,0.9151,0.0847,0.0002,mp
001,official main,161,162,-15.9,-5.44,1041.3,0.6818,0.3174,0.0004,mf
001,official main,162,163,-16.46,-7.65,874.9,0.8034,0.1959,0.0004,mp
001,official main,163,164,-17.65,-5.65,1062.7,0.8259,0.1733,0.0006,mp
001,official main,164,165,-17.66,-4.83,968.2,0.8443,0.1554,0.0001,mp
001,official main,165,166,-18.97,-5.51,1255.1,0.8023,0.1966,0.0006,p
001,official main,166,167,-24.14,-11.82,1666.4,0.8409,0.1561,0.0021,pp
001,official main,167,168,-14.99,-6.63,916.8,0.9532,0.0464,0.0003,mf
001,official main,168,169,-17.91,-8.54,845.8,0.9474,0.0522,0.0002,mp
001,official main,169,170,-20.45,-5.6,1387.8,0.6552,0.3404,0.001,p
001,official main,170,171,-18.88,-7.35,1173.1,0.9573,0.0403,0.0007,p
001,official main,171,172,-18.5,-5.61,1226.3,0.9605,0.0389,0.0005,p
001,official main,172,173,-15.95,-6.13,855.5,0.7295,0.2698,0.0001,mf
001,official main,173,174,-17.55,-8.8,884.9,0.8326,0.1662,0.0005,mp
001,official main,174,175,-17.88,-6.27,868.4,0.8082,0.1913,0.0004,mp
001,official main,175,176,-17.18,-5.48,757.2,0.689,0.3108,0.0001,mp
001,official main,176,177,-17.75,-5.89,1169.2,0.8537,0.1456,0.0006,mp
001,official main,177,178,-21.41,-10.2,1345.6,0.7119,0.2868,0.0011,p
001,official main,178,179,-15.58,-7.1,758.6,0.9553,0.0442,0.0003,mf
001,official main,179,180,-18.07,-7.31,799.4,0.8772,0.1224,0.0002,mp
001,official main,180,181,-18.24,-5.65,1235.5,0.884,0.1151,0.0006,mp
001,official main,181,182,-20.35,-8.94,1335.6,0.9336,0.0649,0.0012,p
001,official main,182,183,-17.35,-5.32,1121.1,0.9274,0.0721,0.0004,mp
001,official main,183,184,-16.44,-6.76,864.4,0.9238,0.0759,0.0001,mp
001,official main,184,185,-18.39,-7.65,1060.3,0.9224,0.0764,0.001,mp
001,official main,185,186,-18.66,-8.44,1069.8,0.8286,0.1704,0.0009,p
001,official main,186,187,-17.12,-5.49,1085.1,0.8397,0.1598,0.0004,mp
001,official main,187,188,-17.61,-5.93,931.8,0.8382,0.1614,0.0001,mp
001,official main,188,189,-24.8,-14.16,1670.1,0.8409,0.1555,0.0024,pp
001,official main,189,190,-15.42,-6.66,748.0,0.9773,0.0223,0.0003,mf
001,official main,190,191,-18.25,-6.46,770.5,0.9013,0.0984,0.0001,mp
001,official main,191,192,-19.27,-5.97,1228.8,0.6272,0.3714,0.0008,p
001,official main,192,193,-22.13,-10.87,1707.0,0.9351,0.0603,0.0037,p
001,official main,193,194,-17.33,-4.9,1251.3,0.9689,0.0305,0.0005,mp
001,official main,194,195,-16.62,-5.85,1331.5,0.9854,0.0141,0.0001,mp
001,official main,195,196,-18.22,-7.03,1021.0,0.9478,0.0507,0.0004,mp
001,official main,196,197,-20.34,-11.1,1264.8,0.9428,0.0553,0.0013,p
001,official main,197,198,-17.12,-5.84,1242.2,0.9279,0.0715,0.0005,mp
001,official main,198,199,-18.16,-4.77,1078.4,0.8247,0.1749,0.0002,mp
001,official main,199,200,-22.49,-9.68,1476.6,0.5675,0.4306,0.0016,pp
001,official main,200,201,-14.88,-5.57,758.1,0.9287,0.0709,0.0002,mf
001,official main,201,202,-18.41,-6.25,816.7,0.926,0.0737,0.0001,p
001,official main,202,203,-18.12,-6.41,1246.0,0.6652,0.3336,0.0008,mp
001,official main,203,204,-19.95,-9.23,1247.2,0.6057,0.3922,0.0012,p
001,official main,204,205,-17.77,-6.23,1069.3,0.9122,0.0873,0.0004,mp
001,official main,205,206,-16.5,-4.61,1080.5,0.8849,0.1146,0.0001,mp
001,official main,206,207,-18.62,-6.36,1116.8,0.8967,0.1012,0.0008,p
001,official main,207,208,-18.9,-6.04,1128.2,0.9003,0.0985,0.0006,p
001,official main,208,209,-17.86,-5.86,1302.4,0.9275,0.0703,0.0021,mp
001,official main,209,210,-19.59,-5.97,1471.9,0.8775,0.1214,0.0007,p
001,official main,210,211,-23.12,-12.65,1576.3,0.5716,0.4253,0.0023,pp
001,official main,211,212,-18.2,-8.42,1171.8,0.8951,0.104,0.0008,mp
001,official main,212,213,-18.08,-5.86,1206.3,0.9143,0.0853,0.0002,mp
001,official main,213,214,-20.93,-5.42,1882.6,0.5631,0.4338,0.0027,p
001,official main,214,215,-19.3,-6.72,1404.4,0.9684,0.0235,0.0079,p
001,official main,215,216,-37.57,-27.22,1942.5,0.9897,0.0051,0.0034,pp
001,official main,216,217,-49.29,-37.33,1656.7,0.9304,0.0051,0.0027,pp
001,official main,217,218,-58.71,-58.27,558.7,0.0022,0.0002,0.0,pp
001,official main,218,219,-58.55,-58.35,538.8,0.0027,0.0002,0.0,pp
001,official main,219,220,-58.58,-58.27,546.0,0.0026,0.0002,0.0,pp
001,official main,220,221,-58.57,-58.29,545.1,0.0027,0.0002,0.0,pp
001,official main,221,222,-58.55,-58.33,539.3,0.0027,0.0002,0.0,pp
001,official main,222,222.4,-58.58,-58.29,596.0,0.006,0.0004,0.0001,pp
